,LinReg,LogReg,RF5,RF10,KNN5,KNN10
1,0.97345132444048477,0.99939473579943761,1.0,1.0,0.99834405012949889,0.99845077676928384
2,0.83496040370379809,0.86052344922846336,0.98746675560214747,0.9892090840395682,0.90178269962587643,0.89964985400203301
3,0.83892626531546133,0.83970754867944319,0.99015064473682046,0.99271063159316841,0.89516927383350242,0.87891718264450913
4,0.97483800229984818,0.99970870643022902,0.99998381746095966,0.99998381746095966,0.99807438515814728,0.99826857432245042
5,0.82564253928106035,0.8225827218442664,0.9877637377021331,0.98994859710824046,0.90404883126738178,0.8994680410097281
6,0.83513734603556367,0.83394210203520558,0.99082144858416465,0.99402104397081514,0.90147363193129537,0.88259947492760593
7,0.80136110548523143,0.80721917421372635,0.99201988192769774,0.99413712269821064,0.89437269378046946,0.87360042396094717
