,LinReg,RFR,KNN
1,0.99533782039675156,0.99471982868742548,0.99533782039675156
2,0.49486603360462256,0.80240291447299139,0.72239455597012925
3,0.27096224051216788,0.91527701946142437,0.42334952587206082
4,0.98819628174139407,0.98128746325815541,0.9848719730346861
5,0.43428698738470944,0.86097138758948211,0.7750890809438562
6,0.25273363583771868,0.92757041119735972,0.43742338042102513
7,0.25164216863014099,0.92339551946881326,0.413616340553631
